Workbook

Sheet Data
A1: Decision theroy homework : A Case study under uncertainty
A4: Senarios computation | B4: F6=current price *(1+20%) | E4: Legend: | F4: Real observed data (Yahoo Finance) | H4: Hypothetical assumption
F7: 0.2 | G7: 0.03 | H7: -0.15
A8: Sector | B8: Company / asset | C8: Ticker | D8: Current price (USD) | E8: Price date | F8: Scenario 1: Rise (hypothetical) | G8: Scenario 2: Stable (hypothetical) | H8: Scenario 3: Fall (hypothetical)
A9: Technology | B9: Apple | C9: AAPL | D9: 336.64 | E9: 9 Oct 2026, close | F9: =D9*(1+$F$7) -> 403.968 | G9: =D9*(1+$G$7) -> 346.7392 | H9: =D9*(1+$H$7) -> 286.144
B10: NVIDIA | C10: NVDA | D10: 229.28 | E10: 9 Oct 2026, close | F10: =D10*(1+$F$7) -> 275.136 | G10: =D10*(1+$G$7) -> 236.1584 | H10: =D10*(1+$H$7) -> 194.888
B11: Microsoft | C11: MSFT | D11: 535.07 | E11: 9 Oct 2026, close | F11: =D11*(1+$F$7) -> 642.084 | G11: =D11*(1+$G$7) -> 551.1221 | H11: =D11*(1+$H$7) -> 454.8095
B12: AMD | C12: AMD | D12: 608.1 | E12: 9 Oct 2026, close | F12: =D12*(1+$F$7) -> 729.72 | G12: =D12*(1+$G$7) -> 626.343 | H12: =D12*(1+$H$7) -> 516.885
A13: Energy | B13: ExxonMobil | C13: XOM | D13: 168.94 | E13: 9 Oct 2026, close | F13: =D13*(1+$F$7) -> 202.728 | G13: =D13*(1+$G$7) -> 174.0082 | H13: =D13*(1+$H$7) -> 143.599
B14: Chevron | C14: CVX | D14: 211.98 | E14: 9 Oct 2026, close | F14: =D14*(1+$F$7) -> 254.376 | G14: =D14*(1+$G$7) -> 218.3394 | H14: =D14*(1+$H$7) -> 180.183
B15: First Solar | C15: FSLR | D15: 177.82 | E15: 9 Oct 2026, close | F15: =D15*(1+$F$7) -> 213.384 | G15: =D15*(1+$G$7) -> 183.1546 | H15: =D15*(1+$H$7) -> 151.147
A16: Materials | B16: Newmont | C16: NEM | D16: 117.84 | E16: 9 Oct 2026, close | F16: =D16*(1+$F$7) -> 141.408 | G16: =D16*(1+$G$7) -> 121.3752 | H16: =D16*(1+$H$7) -> 100.164
B17: Gold futures (reference) | C17: GC=F | D17: 4216.3 | E17: 9 Oct, COMEX delayed | F17: =D17*(1+$F$7) -> 5059.56 | G17: =D17*(1+$G$7) -> 4342.789 | H17: =D17*(1+$H$7) -> 3583.855
A18: Real estate | B18: Realty Income | C18: O | D18: 53.83 | E18: Intraday quote, date not shown | F18: =D18*(1+$F$7) -> 64.596 | G18: =D18*(1+$G$7) -> 55.4449 | H18: =D18*(1+$H$7) -> 45.7555
B19: Prologis | C19: PLD | D19: 127.3 | E19: 7 Oct 2026, close | F19: =D19*(1+$F$7) -> 152.76 | G19: =D19*(1+$G$7) -> 131.119 | H19: =D19*(1+$H$7) -> 108.205
B20: Welltower | C20: WELL | D20: 223.04 | E20: 8 Oct 2026, close | F20: =D20*(1+$F$7) -> 267.648 | G20: =D20*(1+$G$7) -> 229.7312 | H20: =D20*(1+$H$7) -> 189.584
A21: Consumer goods | B21: Coca-Cola | C21: KO | D21: 88.05 | E21: 9 Oct 2026, close | F21: =D21*(1+$F$7) -> 105.66 | G21: =D21*(1+$G$7) -> 90.6915 | H21: =D21*(1+$H$7) -> 74.8425
B22: Amazon | C22: AMZN | D22: 262.43 | E22: 9 Oct 2026, close | F22: =D22*(1+$F$7) -> 314.916 | G22: =D22*(1+$G$7) -> 270.3029 | H22: =D22*(1+$H$7) -> 223.0655

Sheet Calculations
A2: Hurwicz coefficient alpha (0 to 1) | C2: 0.3 | F2: Uncertainty Methods
B4: 0.2 | C4: 0.03 | D4: -0.15
A5: Ticker | B5: Scenario 1: Rise | C5: Scenario 2: Stable | D5: Scenario 3: Fall | F5: MAXIMAX | G5: MAXIMIN | H5: LAPLACE | I5: HURWICZ | J5: Bernoli criterion | K5: opportunity loss
A6: AAPL | B6: =Data!F9 -> 403.968 | C6: =Data!G9 -> 346.7392 | D6: =Data!H9 -> 286.144 | F6: =MAX(B6:D6) -> 403.968 | G6: =MIN(B6:D6) -> 286.144 | H6: =SUM(B6:D6)/3 -> 345.61707 | I6: =MAX(B6:D6)*$C$2+(1-$C$2)*MIN(B6:D6) -> 321.4912 | J6: =(LN(B6)+LN(C6)+LN(D6))/3 -> 5.8354679 | K6: =MAX((MAX($B$6:$B$19)-B6),(MAX($C$6:$C$19)-C6),(MAX($D$6:$D$19)-D6)) -> 4655.592
A7: NVDA | B7: =Data!F10 -> 275.136 | C7: =Data!G10 -> 236.1584 | D7: =Data!H10 -> 194.888 | F7: =MAX(B7:D7) -> 275.136 | G7: =MIN(B7:D7) -> 194.888 | H7: =SUM(B7:D7)/3 -> 235.39413 | I7: =MAX(B7:D7)*$C$2+(1-$C$2)*MIN(B7:D7) -> 218.9624 | J7: =(LN(B7)+LN(C7)+LN(D7))/3 -> 5.4513978 | K7: =MAX((MAX($B$6:$B$19)-B7),(MAX($C$6:$C$19)-C7),(MAX($D$6:$D$19)-D7)) -> 4784.424
A8: MSFT | B8: =Data!F11 -> 642.084 | C8: =Data!G11 -> 551.1221 | D8: =Data!H11 -> 454.8095 | F8: =MAX(B8:D8) -> 642.084 | G8: =MIN(B8:D8) -> 454.8095 | H8: =SUM(B8:D8)/3 -> 549.33853 | I8: =MAX(B8:D8)*$C$2+(1-$C$2)*MIN(B8:D8) -> 510.99185 | J8: =(LN(B8)+LN(C8)+LN(D8))/3 -> 6.2988514 | K8: =MAX((MAX($B$6:$B$19)-B8),(MAX($C$6:$C$19)-C8),(MAX($D$6:$D$19)-D8)) -> 4417.476
A9: AMD | B9: =Data!F12 -> 729.72 | C9: =Data!G12 -> 626.343 | D9: =Data!H12 -> 516.885 | F9: =MAX(B9:D9) -> 729.72 | G9: =MIN(B9:D9) -> 516.885 | H9: =SUM(B9:D9)/3 -> 624.316 | I9: =MAX(B9:D9)*$C$2+(1-$C$2)*MIN(B9:D9) -> 580.7355 | J9: =(LN(B9)+LN(C9)+LN(D9))/3 -> 6.4267932 | K9: =MAX((MAX($B$6:$B$19)-B9),(MAX($C$6:$C$19)-C9),(MAX($D$6:$D$19)-D9)) -> 4329.84
A10: XOM | B10: =Data!F13 -> 202.728 | C10: =Data!G13 -> 174.0082 | D10: =Data!H13 -> 143.599 | F10: =MAX(B10:D10) -> 202.728 | G10: =MIN(B10:D10) -> 143.599 | H10: =SUM(B10:D10)/3 -> 173.44507 | I10: =MAX(B10:D10)*$C$2+(1-$C$2)*MIN(B10:D10) -> 161.3377 | J10: =(LN(B10)+LN(C10)+LN(D10))/3 -> 5.1459974 | K10: =MAX((MAX($B$6:$B$19)-B10),(MAX($C$6:$C$19)-C10),(MAX($D$6:$D$19)-D10)) -> 4856.832
A11: CVX | B11: =Data!F14 -> 254.376 | C11: =Data!G14 -> 218.3394 | D11: =Data!H14 -> 180.183 | F11: =MAX(B11:D11) -> 254.376 | G11: =MIN(B11:D11) -> 180.183 | H11: =SUM(B11:D11)/3 -> 217.6328 | I11: =MAX(B11:D11)*$C$2+(1-$C$2)*MIN(B11:D11) -> 202.4409 | J11: =(LN(B11)+LN(C11)+LN(D11))/3 -> 5.3729457 | K11: =MAX((MAX($B$6:$B$19)-B11),(MAX($C$6:$C$19)-C11),(MAX($D$6:$D$19)-D11)) -> 4805.184
A12: FSLR | B12: =Data!F15 -> 213.384 | C12: =Data!G15 -> 183.1546 | D12: =Data!H15 -> 151.147 | F12: =MAX(B12:D12) -> 213.384 | G12: =MIN(B12:D12) -> 151.147 | H12: =SUM(B12:D12)/3 -> 182.56187 | I12: =MAX(B12:D12)*$C$2+(1-$C$2)*MIN(B12:D12) -> 169.8181 | J12: =(LN(B12)+LN(C12)+LN(D12))/3 -> 5.1972256 | K12: =MAX((MAX($B$6:$B$19)-B12),(MAX($C$6:$C$19)-C12),(MAX($D$6:$D$19)-D12)) -> 4846.176
A13: NEM | B13: =Data!F16 -> 141.408 | C13: =Data!G16 -> 121.3752 | D13: =Data!H16 -> 100.164 | F13: =MAX(B13:D13) -> 141.408 | G13: =MIN(B13:D13) -> 100.164 | H13: =SUM(B13:D13)/3 -> 120.9824 | I13: =MAX(B13:D13)*$C$2+(1-$C$2)*MIN(B13:D13) -> 112.5372 | J13: =(LN(B13)+LN(C13)+LN(D13))/3 -> 4.7857816 | K13: =MAX((MAX($B$6:$B$19)-B13),(MAX($C$6:$C$19)-C13),(MAX($D$6:$D$19)-D13)) -> 4918.152
A14: GC=F | B14: =Data!F17 -> 5059.56 | C14: =Data!G17 -> 4342.789 | D14: =Data!H17 -> 3583.855 | F14: =MAX(B14:D14) -> 5059.56 | G14: =MIN(B14:D14) -> 3583.855 | H14: =SUM(B14:D14)/3 -> 4328.7347 | I14: =MAX(B14:D14)*$C$2+(1-$C$2)*MIN(B14:D14) -> 4026.5665 | J14: =(LN(B14)+LN(C14)+LN(D14))/3 -> 8.3631671 | K14: =MAX((MAX($B$6:$B$19)-B14),(MAX($C$6:$C$19)-C14),(MAX($D$6:$D$19)-D14)) -> 0
A15: O | B15: =Data!F18 -> 64.596 | C15: =Data!G18 -> 55.4449 | D15: =Data!H18 -> 45.7555 | F15: =MAX(B15:D15) -> 64.596 | G15: =MIN(B15:D15) -> 45.7555 | H15: =SUM(B15:D15)/3 -> 55.265467 | I15: =MAX(B15:D15)*$C$2+(1-$C$2)*MIN(B15:D15) -> 51.40765 | J15: =(LN(B15)+LN(C15)+LN(D15))/3 -> 4.0022847 | K15: =MAX((MAX($B$6:$B$19)-B15),(MAX($C$6:$C$19)-C15),(MAX($D$6:$D$19)-D15)) -> 4994.964
A16: PLD | B16: =Data!F19 -> 152.76 | C16: =Data!G19 -> 131.119 | D16: =Data!H19 -> 108.205 | F16: =MAX(B16:D16) -> 152.76 | G16: =MIN(B16:D16) -> 108.205 | H16: =SUM(B16:D16)/3 -> 130.69467 | I16: =MAX(B16:D16)*$C$2+(1-$C$2)*MIN(B16:D16) -> 121.5715 | J16: =(LN(B16)+LN(C16)+LN(D16))/3 -> 4.8630003 | K16: =MAX((MAX($B$6:$B$19)-B16),(MAX($C$6:$C$19)-C16),(MAX($D$6:$D$19)-D16)) -> 4906.8
A17: WELL | B17: =Data!F20 -> 267.648 | C17: =Data!G20 -> 229.7312 | D17: =Data!H20 -> 189.584 | F17: =MAX(B17:D17) -> 267.648 | G17: =MIN(B17:D17) -> 189.584 | H17: =SUM(B17:D17)/3 -> 228.98773 | I17: =MAX(B17:D17)*$C$2+(1-$C$2)*MIN(B17:D17) -> 213.0032 | J17: =(LN(B17)+LN(C17)+LN(D17))/3 -> 5.4238049 | K17: =MAX((MAX($B$6:$B$19)-B17),(MAX($C$6:$C$19)-C17),(MAX($D$6:$D$19)-D17)) -> 4791.912
... A19: AMZN | B19: =Data!F22 -> 314.916 | C19: =Data!G22 -> 270.3029 | D19: =Data!H22 -> 223.0655 | F19: =MAX(B19:D19) -> 314.916 | G19: =MIN(B19:D19) -> 223.0655 | H19: =SUM(B19:D19)/3 -> 269.42813 | I19: =MAX(B19:D19)*$C$2+(1-$C$2)*MIN(B19:D19) -> 250.62065 | J19: =(LN(B19)+LN(C19)+LN(D19))/3 -> 5.5864382 | K19: =MAX((MAX($B$6:$B$19)-B19),(MAX($C$6:$C$19)-C19),(MAX($D$6:$D$19)-D19)) -> 4744.644
E21: Result | F21: =MAX(F6:F19) -> 5059.56 | G21: =MAX(G6:G19) -> 3583.855 | H21: =MAX(H6:H19) -> 4328.7347 | I21: =MAX(I6:I19) -> 4026.5665 | J21: =MAX(J6:J19) -> 8.3631671 | K21: =MIN(K6:K19) -> 0

Sheet Summary
B1: Summary: alternative selected by each decision method
B4: Decision method | C4: Best alternative(s) | D4: Calculated score
B5: 1. Maximax | C5: =Calculations!A14 -> GC=F | D5: =Calculations!F21 -> 5059.56
B6: 2. Maximin | C6: =Calculations!A14 -> GC=F | D6: =Calculations!G21 -> 3583.855
B7: 3. Laplace | C7: =Calculations!A14 -> GC=F | D7: =Calculations!H21 -> 4328.7347
B8: 4. Hurwicz | C8: =Calculations!A14 -> GC=F | D8: =Calculations!I21 -> 4026.5665
B9: 5. Opportunity loss | C9: =Calculations!A14 -> GC=F | D9: =Calculations!K21 -> 0
B10: 6. Bernoli criterion | C10: =Calculations!A14 -> GC=F | D10: =Calculations!J21 -> 8.3631671
